[
    {
        "model": "quiz.quiz",
        "pk": 1,
        "fields": {
            "author": 1,
            "title": "Namur, ville fortifiée ?",
            "dataset": "namur-forts",
            "created_at": "2021-04-19T13:51:16.760Z"
        }
    },
    {
        "model": "quiz.quiz",
        "pk": 2,
        "fields": {
            "author": 1,
            "title": "Budget bibliothèques",
            "dataset": "namur-budget-ordinaire-par-fonction",
            "created_at": "2021-05-10T19:24:20.914Z"
        }
    },
    {
        "model": "quiz.quiz",
        "pk": 3,
        "fields": {
            "author": 1,
            "title": "Travaux en cours",
            "dataset": "namur-travaux-de-voiries",
            "created_at": "2021-05-10T19:31:06.885Z"
        }
    },
    {
        "model": "quiz.quiz",
        "pk": 4,
        "fields": {
            "author": 1,
            "title": "COVID-19 Pandémie - Belgique - Hospitalisations",
            "dataset": "covid19be_hosp",
            "created_at": "2021-05-10T19:34:12.487Z"
        }
    },
    {
        "model": "quiz.quiz",
        "pk": 5,
        "fields": {
            "author": 1,
            "title": "Répartition du Conseil communal",
            "dataset": "namur-conseil-communal",
            "created_at": "2021-05-10T20:58:02.278Z"
        }
    },
    {
        "model": "quiz.question",
        "pk": 1,
        "fields": {
            "quiz": 1,
            "prompt": "Combien il y a-t-il de forts dans la commune de Namur ?"
        }
    },
    {
        "model": "quiz.question",
        "pk": 2,
        "fields": {
            "quiz": 2,
            "prompt": "Quelles sont les recettes des bibliothèques publiques de Namur en 2019 ?"
        }
    },
    {
        "model": "quiz.question",
        "pk": 4,
        "fields": {
            "quiz": 3,
            "prompt": "Combien il y a de travaux en cours dans la commune de Namur ?"
        }
    },
    {
        "model": "quiz.question",
        "pk": 5,
        "fields": {
            "quiz": 4,
            "prompt": "Quelle est la province la plus touchée au regard des hospitalisations en date du 8 mai 2021?"
        }
    },
    {
        "model": "quiz.question",
        "pk": 6,
        "fields": {
            "quiz": 5,
            "prompt": "Quel parti politique est le plus représenté au sein du Conseil communal ?"
        }
    },
    {
        "model": "quiz.answer",
        "pk": 1,
        "fields": {
            "question": 1,
            "text": "3",
            "is_correct": false
        }
    },
    {
        "model": "quiz.answer",
        "pk": 2,
        "fields": {
            "question": 1,
            "text": "6",
            "is_correct": false
        }
    },
    {
        "model": "quiz.answer",
        "pk": 3,
        "fields": {
            "question": 1,
            "text": "7",
            "is_correct": true
        }
    },
    {
        "model": "quiz.answer",
        "pk": 4,
        "fields": {
            "question": 1,
            "text": "9",
            "is_correct": false
        }
    },
    {
        "model": "quiz.answer",
        "pk": 5,
        "fields": {
            "question": 2,
            "text": "Entre 900 000 et 1 000 000 €",
            "is_correct": true
        }
    },
    {
        "model": "quiz.answer",
        "pk": 6,
        "fields": {
            "question": 2,
            "text": "Entre 1 500 000 et 1 700 000 €",
            "is_correct": false
        }
    },
    {
        "model": "quiz.answer",
        "pk": 7,
        "fields": {
            "question": 2,
            "text": "Entre 800 000 et 900 000 €",
            "is_correct": false
        }
    },
    {
        "model": "quiz.answer",
        "pk": 8,
        "fields": {
            "question": 2,
            "text": "Entre 1 700 000 et 2 000 000 €",
            "is_correct": false
        }
    },
    {
        "model": "quiz.answer",
        "pk": 13,
        "fields": {
            "question": 4,
            "text": "42",
            "is_correct": false
        }
    },
    {
        "model": "quiz.answer",
        "pk": 14,
        "fields": {
            "question": 4,
            "text": "24",
            "is_correct": true
        }
    },
    {
        "model": "quiz.answer",
        "pk": 15,
        "fields": {
            "question": 4,
            "text": "12",
            "is_correct": false
        }
    },
    {
        "model": "quiz.answer",
        "pk": 16,
        "fields": {
            "question": 4,
            "text": "Aucun",
            "is_correct": false
        }
    },
    {
        "model": "quiz.answer",
        "pk": 17,
        "fields": {
            "question": 5,
            "text": "Le Hainaut",
            "is_correct": true
        }
    },
    {
        "model": "quiz.answer",
        "pk": 18,
        "fields": {
            "question": 5,
            "text": "Bruxelles",
            "is_correct": false
        }
    },
    {
        "model": "quiz.answer",
        "pk": 19,
        "fields": {
            "question": 5,
            "text": "Anvers",
            "is_correct": false
        }
    },
    {
        "model": "quiz.answer",
        "pk": 20,
        "fields": {
            "question": 5,
            "text": "Namur",
            "is_correct": false
        }
    },
    {
        "model": "quiz.answer",
        "pk": 21,
        "fields": {
            "question": 6,
            "text": "MR",
            "is_correct": false
        }
    },
    {
        "model": "quiz.answer",
        "pk": 22,
        "fields": {
            "question": 6,
            "text": "PTB",
            "is_correct": false
        }
    },
    {
        "model": "quiz.answer",
        "pk": 23,
        "fields": {
            "question": 6,
            "text": "cdH",
            "is_correct": true
        }
    },
    {
        "model": "quiz.answer",
        "pk": 24,
        "fields": {
            "question": 6,
            "text": "ECOLO",
            "is_correct": false
        }
    },
    {
        "model": "dataset.content",
        "pk": 1,
        "fields": {
            "author": 1,
            "deleted": false,
            "text": "Y aura-t-il Benoît Poelvoorde ?",
            "posted_at": "2021-05-04T09:30:28.554Z"
        }
    },
    {
        "model": "dataset.content",
        "pk": 3,
        "fields": {
            "author": 1,
            "deleted": false,
            "text": "Non il est en voyage en Angleterre, il a pas de réseau",
            "posted_at": "2021-05-10T14:04:07.709Z"
        }
    },
    {
        "model": "dataset.content",
        "pk": 21,
        "fields": {
            "author": 1,
            "deleted": false,
            "text": "Non, tu peux regarder sur le calendrier du jeu de données...",
            "posted_at": "2021-05-10T14:58:47.720Z"
        }
    },
    {
        "model": "dataset.content",
        "pk": 22,
        "fields": {
            "author": 1,
            "deleted": false,
            "text": "Combien de maisons y a-t-il ?",
            "posted_at": "2021-05-10T15:26:56.707Z"
        }
    },
    {
        "model": "dataset.content",
        "pk": 23,
        "fields": {
            "author": 1,
            "deleted": false,
            "text": "ah oui pas bête ",
            "posted_at": "2021-05-10T15:27:35.498Z"
        }
    },
    {
        "model": "dataset.content",
        "pk": 25,
        "fields": {
            "author": 1,
            "deleted": false,
            "text": "Combien d'entreprises sont liées à la BEP ?",
            "posted_at": "2021-05-10T19:45:13.810Z"
        }
    },
    {
        "model": "dataset.content",
        "pk": 26,
        "fields": {
            "author": 1,
            "deleted": false,
            "text": "Où puis-je trouver une carte des parkings de Namur ?",
            "posted_at": "2021-05-10T19:46:47.463Z"
        }
    },
    {
        "model": "dataset.content",
        "pk": 27,
        "fields": {
            "author": 1,
            "deleted": false,
            "text": "Pouvez vous ajouter un jeu de données sur les différents hôtels de Namur ?",
            "posted_at": "2021-05-10T19:48:56.447Z"
        }
    },
    {
        "model": "dataset.content",
        "pk": 28,
        "fields": {
            "author": 1,
            "deleted": false,
            "text": "Les informations sont-elles actualisées tous les jours ?",
            "posted_at": "2021-05-10T19:50:13.187Z"
        }
    },
    {
        "model": "dataset.content",
        "pk": 29,
        "fields": {
            "author": 1,
            "deleted": false,
            "text": "Peut être pas tous les jours, mais je pense qu'elles sont actualisées régulièrement !",
            "posted_at": "2021-05-10T19:52:41.040Z"
        }
    },
    {
        "model": "dataset.content",
        "pk": 30,
        "fields": {
            "author": 1,
            "deleted": false,
            "text": "Je pense que vous y trouverez votre bonheur ;)",
            "posted_at": "2021-05-10T19:55:27.511Z"
        }
    },
    {
        "model": "dataset.content",
        "pk": 35,
        "fields": {
            "author": 1,
            "deleted": false,
            "text": "Merci",
            "posted_at": "2021-05-10T19:59:19.642Z"
        }
    },
    {
        "model": "dataset.content",
        "pk": 42,
        "fields": {
            "author": 1,
            "deleted": false,
            "text": "Dès que les données sont disponibles, le site est mis à jour. N'hésitez pas à revenir plus tard et vous le verrez de vous même ;-)",
            "posted_at": "2021-05-10T21:02:45.460Z"
        }
    },
    {
        "model": "dataset.content",
        "pk": 43,
        "fields": {
            "author": 1,
            "deleted": false,
            "text": "Il me semble que c'est en préparation, stay tuned !",
            "posted_at": "2021-05-10T21:03:45.340Z"
        }
    },
    {
        "model": "dataset.content",
        "pk": 44,
        "fields": {
            "author": 1,
            "deleted": false,
            "text": "Combien y a-t-il de toutounets à Namur ?",
            "posted_at": "2021-05-10T22:43:18.837Z"
        }
    },
    {
        "model": "dataset.content",
        "pk": 45,
        "fields": {
            "author": 1,
            "deleted": false,
            "text": "Sur la vue graphique de ce jeu de données, en glissant le curseur sur la case de Namur, une infobulle nous dit qu'il y a 68 toutounets à Namur !",
            "posted_at": "2021-05-11T08:34:09.678Z"
        }
    },
    {
        "model": "dataset.content",
        "pk": 46,
        "fields": {
            "author": 1,
            "deleted": false,
            "text": "Y a-t-il un jeu de données sur les cimetières ?",
            "posted_at": "2021-05-11T09:18:56.689Z"
        }
    },
    {
        "model": "dataset.content",
        "pk": 47,
        "fields": {
            "author": 1,
            "deleted": false,
            "text": "Oui il y en a 9 qui parlent des cimetières, je vous en joins un. Bonne lecture !",
            "posted_at": "2021-05-11T09:21:43.498Z"
        }
    },
    {
        "model": "dataset.question",
        "pk": 1,
        "fields": {
            "dataset": "namur-agenda-des-evenements",
            "content": 1
        }
    },
    {
        "model": "dataset.question",
        "pk": 15,
        "fields": {
            "dataset": "revitalisation-urbaine-en-wallonie",
            "content": 22
        }
    },
    {
        "model": "dataset.question",
        "pk": 17,
        "fields": {
            "dataset": "entreprises-situees-sur-nos-parcs-dactivite",
            "content": 25
        }
    },
    {
        "model": "dataset.question",
        "pk": 18,
        "fields": {
            "dataset": null,
            "content": 26
        }
    },
    {
        "model": "dataset.question",
        "pk": 19,
        "fields": {
            "dataset": null,
            "content": 27
        }
    },
    {
        "model": "dataset.question",
        "pk": 20,
        "fields": {
            "dataset": "covid19be_cases_muni_cum",
            "content": 28
        }
    },
    {
        "model": "dataset.question",
        "pk": 23,
        "fields": {
            "dataset": "dcv_proprete_toutounets",
            "content": 44
        }
    },
    {
        "model": "dataset.question",
        "pk": 24,
        "fields": {
            "dataset": null,
            "content": 46
        }
    },
    {
        "model": "dataset.answer",
        "pk": 1,
        "fields": {
            "question": 1,
            "content": 3,
            "source": null
        }
    },
    {
        "model": "dataset.answer",
        "pk": 7,
        "fields": {
            "question": 1,
            "content": 21,
            "source": "http://localhost:8000/data/dataset/namur-agenda-des-evenements/"
        }
    },
    {
        "model": "dataset.answer",
        "pk": 8,
        "fields": {
            "question": 1,
            "content": 23,
            "source": ""
        }
    },
    {
        "model": "dataset.answer",
        "pk": 9,
        "fields": {
            "question": 20,
            "content": 29,
            "source": ""
        }
    },
    {
        "model": "dataset.answer",
        "pk": 10,
        "fields": {
            "question": 18,
            "content": 30,
            "source": "http://localhost:8000/data/dataset/namur-parking-emplacements/"
        }
    },
    {
        "model": "dataset.answer",
        "pk": 14,
        "fields": {
            "question": 20,
            "content": 35,
            "source": ""
        }
    },
    {
        "model": "dataset.answer",
        "pk": 20,
        "fields": {
            "question": 20,
            "content": 42,
            "source": ""
        }
    },
    {
        "model": "dataset.answer",
        "pk": 21,
        "fields": {
            "question": 19,
            "content": 43,
            "source": ""
        }
    },
    {
        "model": "dataset.answer",
        "pk": 22,
        "fields": {
            "question": 23,
            "content": 45,
            "source": "http://localhost:8000/data/dataset/dcv_proprete_toutounets/"
        }
    },
    {
        "model": "dataset.answer",
        "pk": 23,
        "fields": {
            "question": 24,
            "content": 47,
            "source": "http://localhost:8000/data/dataset/namur-cimetieres/"
        }
    },
    {
        "model": "dataset.newsarticle",
        "pk": 1,
        "fields": {
            "dataset": "covid19be_hosp",
            "titre": "Le nombre de lits disponibles en soins intensifs remonte",
            "link": "https://www.sudinfo.be/id389427/article/2021-04-24/un-peu-de-repit-dans-nos-hopitaux-ou-le-nombre-de-lits-disponibles-aux-soins",
            "date": "2021-04-24T15:56:02Z"
        }
    },
    {
        "model": "dataset.newsarticle",
        "pk": 2,
        "fields": {
            "dataset": "covid19be_hosp",
            "titre": "Hospitalisations sous la barre des 3000",
            "link": "https://www.lavenir.net/cnt/dmf20210423_01574575/coronavirus-les-hospitalisations-sous-la-barre-des-3-000",
            "date": "2021-04-23T15:57:51Z"
        }
    },
    {
        "model": "dataset.newsarticle",
        "pk": 3,
        "fields": {
            "dataset": "covid19be_hosp",
            "titre": "Voici les provinces où la situation est la plus critique",
            "link": "https://www.rtbf.be/info/belgique/detail_96-des-lits-de-soins-intensifs-sont-actuellement-occupes-voici-les-provinces-ou-la-situation-est-la-plus-critique?id=10737429",
            "date": "2021-04-09T16:01:51Z"
        }
    },
    {
        "model": "dataset.newsarticle",
        "pk": 4,
        "fields": {
            "dataset": "covid19be_hosp",
            "titre": "Bruxelles a-t-elle laissé l'épidémie de Covid-19 déraper ?",
            "link": "https://www.lecho.be/economie-politique/belgique/bruxelles/bruxelles-a-t-elle-laisse-l-epidemie-de-covid-19-deraper/10257146.html",
            "date": "2021-04-10T16:02:20Z"
        }
    },
    {
        "model": "dataset.newsarticle",
        "pk": 5,
        "fields": {
            "dataset": "namur-budget-ordinaire-par-fonction",
            "titre": "Une bibliothèque publique au quartier des casernes d'ici 2021",
            "link": "https://www.lecho.be/entreprises/immobilier/thomas-piron-redessinera-le-%20%20%20%20%20%20%20%20%20%20%20%20quartier-des-casernes-a-namur/10017419.html",
            "date": "2018-05-31T20:09:07Z"
        }
    },
    {
        "model": "dataset.datasetlink",
        "pk": 1,
        "fields": {
            "from_dataset": "namur-budget-ordinaire-par-fonction",
            "text": "Vous connaissez maintenant les budgets, souhaitez-vous en savoir plus sur les gens qui l'ont voté ?",
            "to_dataset": [
                "namur-conseil-communal"
            ]
        }
    }
]
